username,name,lastname,email,active
1,hola,test,r@r.com,1
2,hola,test,r@r.com,1
3,hola,test,r@r.com,1
4,hola,test,r@r.com,1
5,hola,test,r@r.com,1
6,hola,test,r@r.com,1
7,hola,test,r@r.com,1
8,hola,test,r@r.com,1
9,hola,test,r@r.com,1
10,hola,test,r@r.com,1
11,hola,test,r@r.com,1
12,hola,test,r@r.com,1
13,hola,test,r@r.com,1
14,hola,test,r@r.com,1
15,hola,test,r@r.com,1
16,hola,test,r@r.com,1
17,hola,test,r@r.com,1
18,hola,test,r@r.com,1
19,hola,test,r@r.com,1
20,hola,test,r@r.com,1
21,hola,test,r@r.com,1
22,hola,test,r@r.com,1
23,hola,test,r@r.com,1
24,hola,test,r@r.com,1
25,hola,test,r@r.com,1
26,hola,test,r@r.com,1
27,hola,test,r@r.com,1
28,hola,test,r@r.com,1
29,hola,test,r@r.com,1
30,hola,test,r@r.com,1
31,hola,test,r@r.com,1
32,hola,test,r@r.com,1
33,hola,test,r@r.com,1
34,hola,test,r@r.com,1
35,hola,test,r@r.com,1
36,hola,test,r@r.com,1
37,hola,test,r@r.com,1
38,hola,test,r@r.com,1
39,hola,test,r@r.com,1
40,hola,test,r@r.com,1
41,hola,test,r@r.com,1
42,hola,test,r@r.com,1
43,hola,test,r@r.com,1
44,hola,test,r@r.com,1
45,hola,test,r@r.com,1
46,hola,test,r@r.com,1
47,hola,test,r@r.com,1
48,hola,test,r@r.com,1
49,hola,test,r@r.com,1
50,hola,test,r@r.com,1
51,hola,test,r@r.com,1
52,hola,test,r@r.com,1
53,hola,test,r@r.com,1
54,hola,test,r@r.com,1
55,hola,test,r@r.com,1
56,hola,test,r@r.com,1
57,hola,test,r@r.com,1
58,hola,test,r@r.com,1
59,hola,test,r@r.com,1
60,hola,test,r@r.com,1
61,hola,test,r@r.com,1
62,hola,test,r@r.com,1
63,hola,test,r@r.com,1
64,hola,test,r@r.com,1
65,hola,test,r@r.com,1
66,hola,test,r@r.com,1
67,hola,test,r@r.com,1
68,hola,test,r@r.com,1
69,hola,test,r@r.com,1
70,hola,test,r@r.com,1
71,hola,test,r@r.com,1
72,hola,test,r@r.com,1
73,hola,test,r@r.com,1
74,hola,test,r@r.com,1
75,hola,test,r@r.com,1
76,hola,test,r@r.com,1
77,hola,test,r@r.com,1
78,hola,test,r@r.com,1
79,hola,test,r@r.com,1
80,hola,test,r@r.com,1
81,hola,test,r@r.com,1
82,hola,test,r@r.com,1
83,hola,test,r@r.com,1
84,hola,test,r@r.com,1
85,hola,test,r@r.com,1
86,hola,test,r@r.com,1
87,hola,test,r@r.com,1
88,hola,test,r@r.com,1
